patient_id,patient_name,joining_date,symptoms,prev_diagnosis,new_symptoms,latest_diagnosis
1,shiv,2024-10-01,"sore throat , red eyes","**Sore Throat:** Ibuprofen (Advil)
**Red Eyes:** Visine (tetrahydrozoline)",red skin,"* **Calamine lotion:** Soothes itching and inflammation.
* **Hydrocortisone cream:** Reduces inflammation and redness."
2,sam,2024-10-01,sore skin,,,"* **Calamine lotion:** Soothes itching and inflammation.
* **Hydrocortisone cream:** Reduces inflammation and redness."
3,ravi,2024-10-01,stomach pain,,,"* **Omeprazole:** Reduces stomach acid production
* **Esomeprazole:** Proton pump inhibitor that blocks acid secretion"
4,ls,2024-10-01,red skin,,,"* **Calamine lotion:** Soothes itching and inflammation.
* **Hydrocortisone cream:** Reduces inflammation and redness."
5,shiva,2024-10-01,eye rashes,,,"* **Fluticasone propionate ophthalmic solution (Flonase)**
* **Loteprednol etabonate ophthalmic suspension (Lotemax)**"
